UserType,UserID
General,Uf8249038-01b1-45de-8d22-bd7b8a708a23
General,Uf8249038-01b1-45de-8d22-bd7b8a708a23
General,Uf8249038-01b1-45de-8d22-bd7b8a708a23
General,Uf8249038-01b1-45de-8d22-bd7b8a708a23
General,Uf8249038-01b1-45de-8d22-bd7b8a708a23
General,Uf8249038-01b1-45de-8d22-bd7b8a708a23
General,Uf8249038-01b1-45de-8d22-bd7b8a708a23
General,Uf8249038-01b1-45de-8d22-bd7b8a708a23
Admin,Uf8249038-01b1-45de-8d22-bd7b8a708a23
Admin,Uf8249038-01b1-45de-8d22-bd7b8a708a23
Admin,Uf8249038-01b1-45de-8d22-bd7b8a708a23
Sales,Uf8249038-01b1-45de-8d22-bd7b8a708a23
Sales,Uf8249038-01b1-45de-8d22-bd7b8a708a23
Sales,Uf8249038-01b1-45de-8d22-bd7b8a708a23
Sales,Uf8249038-01b1-45de-8d22-bd7b8a708a23
Sales,Uf8249038-01b1-45de-8d22-bd7b8a708a23
Sales,Uf8249038-01b1-45de-8d22-bd7b8a708a23
Sales,Uf8249038-01b1-45de-8d22-bd7b8a708a23
Sales,Uf8249038-01b1-45de-8d22-bd7b8a708a23
Sales,Uf8249038-01b1-45de-8d22-bd7b8a708a23
Sales,Uf8249038-01b1-45de-8d22-bd7b8a708a23
Technical,Uf8249038-01b1-45de-8d22-bd7b8a708a23
Technical,Uf8249038-01b1-45de-8d22-bd7b8a708a23
Technical,Uf8249038-01b1-45de-8d22-bd7b8a708a23
Technical,Uf8249038-01b1-45de-8d22-bd7b8a708a23
Technical,Uf8249038-01b1-45de-8d22-bd7b8a708a23
Technical,Uf8249038-01b1-45de-8d22-bd7b8a708a23
3D,Uf8249038-01b1-45de-8d22-bd7b8a708a23
3D,Uf8249038-01b1-45de-8d22-bd7b8a708a23
3D,Uf8249038-01b1-45de-8d22-bd7b8a708a23
3D,Uf8249038-01b1-45de-8d22-bd7b8a708a23
Finance,Uf8249038-01b1-45de-8d22-bd7b8a708a23
Finance,Uf8249038-01b1-45de-8d22-bd7b8a708a23
Finance,Uf8249038-01b1-45de-8d22-bd7b8a708a23
Finance,Uf8249038-01b1-45de-8d22-bd7b8a708a23
Finance,Uf8249038-01b1-45de-8d22-bd7b8a708a23
Finance,Uf8249038-01b1-45de-8d22-bd7b8a708a23
Finance,Uf8249038-01b1-45de-8d22-bd7b8a708a23
Finance,Uf8249038-01b1-45de-8d22-bd7b8a708a23
